[
{"city_code": "460100", "city_name": "海口市", "province_code": "46", "short_name": "琼", "link": "46/4601.html"},
{"city_code": "460200", "city_name": "三亚市", "province_code": "46", "short_name": "琼", "link": "46/4602.html"},
{"city_code": "460300", "city_name": "三沙市", "province_code": "46", "short_name": "琼", "link": "46/4603.html"},
{"city_code": "460400", "city_name": "儋州市", "province_code": "46", "short_name": "琼", "link": "46/4604.html"},
{"city_code": "469000", "city_name": "省直辖县级行政区划", "province_code": "46", "short_name": "琼", "link": "46/4690.html"},
{"city_code": "450100", "city_name": "南宁市", "province_code": "45", "short_name": "桂", "link": "45/4501.html"},
{"city_code": "450200", "city_name": "柳州市", "province_code": "45", "short_name": "桂", "link": "45/4502.html"},
{"city_code": "450300", "city_name": "桂林市", "province_code": "45", "short_name": "桂", "link": "45/4503.html"},
{"city_code": "450400", "city_name": "梧州市", "province_code": "45", "short_name": "桂", "link": "45/4504.html"},
{"city_code": "450500", "city_name": "北海市", "province_code": "45", "short_name": "桂", "link": "45/4505.html"},
{"city_code": "450600", "city_name": "防城港市", "province_code": "45", "short_name": "桂", "link": "45/4506.html"},
{"city_code": "450700", "city_name": "钦州市", "province_code": "45", "short_name": "桂", "link": "45/4507.html"},
{"city_code": "450800", "city_name": "贵港市", "province_code": "45", "short_name": "桂", "link": "45/4508.html"},
{"city_code": "450900", "city_name": "玉林市", "province_code": "45", "short_name": "桂", "link": "45/4509.html"},
{"city_code": "451000", "city_name": "百色市", "province_code": "45", "short_name": "桂", "link": "45/4510.html"},
{"city_code": "451100", "city_name": "贺州市", "province_code": "45", "short_name": "桂", "link": "45/4511.html"},
{"city_code": "451200", "city_name": "河池市", "province_code": "45", "short_name": "桂", "link": "45/4512.html"},
{"city_code": "451300", "city_name": "来宾市", "province_code": "45", "short_name": "桂", "link": "45/4513.html"},
{"city_code": "451400", "city_name": "崇左市", "province_code": "45", "short_name": "桂", "link": "45/4514.html"},
{"city_code": "440100", "city_name": "广州市", "province_code": "44", "short_name": "粤", "link": "44/4401.html"},
{"city_code": "440200", "city_name": "韶关市", "province_code": "44", "short_name": "粤", "link": "44/4402.html"},
{"city_code": "440300", "city_name": "深圳市", "province_code": "44", "short_name": "粤", "link": "44/4403.html"},
{"city_code": "440400", "city_name": "珠海市", "province_code": "44", "short_name": "粤", "link": "44/4404.html"},
{"city_code": "440500", "city_name": "汕头市", "province_code": "44", "short_name": "粤", "link": "44/4405.html"},
{"city_code": "440600", "city_name": "佛山市", "province_code": "44", "short_name": "粤", "link": "44/4406.html"},
{"city_code": "440700", "city_name": "江门市", "province_code": "44", "short_name": "粤", "link": "44/4407.html"},
{"city_code": "440800", "city_name": "湛江市", "province_code": "44", "short_name": "粤", "link": "44/4408.html"},
{"city_code": "440900", "city_name": "茂名市", "province_code": "44", "short_name": "粤", "link": "44/4409.html"},
{"city_code": "441200", "city_name": "肇庆市", "province_code": "44", "short_name": "粤", "link": "44/4412.html"},
{"city_code": "441300", "city_name": "惠州市", "province_code": "44", "short_name": "粤", "link": "44/4413.html"},
{"city_code": "441400", "city_name": "梅州市", "province_code": "44", "short_name": "粤", "link": "44/4414.html"},
{"city_code": "441500", "city_name": "汕尾市", "province_code": "44", "short_name": "粤", "link": "44/4415.html"},
{"city_code": "441600", "city_name": "河源市", "province_code": "44", "short_name": "粤", "link": "44/4416.html"},
{"city_code": "441700", "city_name": "阳江市", "province_code": "44", "short_name": "粤", "link": "44/4417.html"},
{"city_code": "441800", "city_name": "清远市", "province_code": "44", "short_name": "粤", "link": "44/4418.html"},
{"city_code": "441900", "city_name": "东莞市", "province_code": "44", "short_name": "粤", "link": "44/4419.html"},
{"city_code": "442000", "city_name": "中山市", "province_code": "44", "short_name": "粤", "link": "44/4420.html"},
{"city_code": "445100", "city_name": "潮州市", "province_code": "44", "short_name": "粤", "link": "44/4451.html"},
{"city_code": "445200", "city_name": "揭阳市", "province_code": "44", "short_name": "粤", "link": "44/4452.html"},
{"city_code": "445300", "city_name": "云浮市", "province_code": "44", "short_name": "粤", "link": "44/4453.html"},
{"city_code": "430100", "city_name": "长沙市", "province_code": "43", "short_name": "湘", "link": "43/4301.html"},
{"city_code": "430200", "city_name": "株洲市", "province_code": "43", "short_name": "湘", "link": "43/4302.html"},
{"city_code": "430300", "city_name": "湘潭市", "province_code": "43", "short_name": "湘", "link": "43/4303.html"},
{"city_code": "430400", "city_name": "衡阳市", "province_code": "43", "short_name": "湘", "link": "43/4304.html"},
{"city_code": "430500", "city_name": "邵阳市", "province_code": "43", "short_name": "湘", "link": "43/4305.html"},
{"city_code": "430600", "city_name": "岳阳市", "province_code": "43", "short_name": "湘", "link": "43/4306.html"},
{"city_code": "430700", "city_name": "常德市", "province_code": "43", "short_name": "湘", "link": "43/4307.html"},
{"city_code": "430800", "city_name": "张家界市", "province_code": "43", "short_name": "湘", "link": "43/4308.html"},
{"city_code": "430900", "city_name": "益阳市", "province_code": "43", "short_name": "湘", "link": "43/4309.html"},
{"city_code": "431000", "city_name": "郴州市", "province_code": "43", "short_name": "湘", "link": "43/4310.html"},
{"city_code": "431100", "city_name": "永州市", "province_code": "43", "short_name": "湘", "link": "43/4311.html"},
{"city_code": "431200", "city_name": "怀化市", "province_code": "43", "short_name": "湘", "link": "43/4312.html"},
{"city_code": "431300", "city_name": "娄底市", "province_code": "43", "short_name": "湘", "link": "43/4313.html"},
{"city_code": "433100", "city_name": "湘西土家族苗族自治州", "province_code": "43", "short_name": "湘", "link": "43/4331.html"},
{"city_code": "420100", "city_name": "武汉市", "province_code": "42", "short_name": "鄂", "link": "42/4201.html"},
{"city_code": "420200", "city_name": "黄石市", "province_code": "42", "short_name": "鄂", "link": "42/4202.html"},
{"city_code": "420300", "city_name": "十堰市", "province_code": "42", "short_name": "鄂", "link": "42/4203.html"},
{"city_code": "420500", "city_name": "宜昌市", "province_code": "42", "short_name": "鄂", "link": "42/4205.html"},
{"city_code": "420600", "city_name": "襄阳市", "province_code": "42", "short_name": "鄂", "link": "42/4206.html"},
{"city_code": "420700", "city_name": "鄂州市", "province_code": "42", "short_name": "鄂", "link": "42/4207.html"},
{"city_code": "420800", "city_name": "荆门市", "province_code": "42", "short_name": "鄂", "link": "42/4208.html"},
{"city_code": "420900", "city_name": "孝感市", "province_code": "42", "short_name": "鄂", "link": "42/4209.html"},
{"city_code": "421000", "city_name": "荆州市", "province_code": "42", "short_name": "鄂", "link": "42/4210.html"},
{"city_code": "421100", "city_name": "黄冈市", "province_code": "42", "short_name": "鄂", "link": "42/4211.html"},
{"city_code": "421200", "city_name": "咸宁市", "province_code": "42", "short_name": "鄂", "link": "42/4212.html"},
{"city_code": "421300", "city_name": "随州市", "province_code": "42", "short_name": "鄂", "link": "42/4213.html"},
{"city_code": "422800", "city_name": "恩施土家族苗族自治州", "province_code": "42", "short_name": "鄂", "link": "42/4228.html"},
{"city_code": "429000", "city_name": "省直辖县级行政区划", "province_code": "42", "short_name": "鄂", "link": "42/4290.html"},
{"city_code": "410100", "city_name": "郑州市", "province_code": "41", "short_name": "豫", "link": "41/4101.html"},
{"city_code": "410200", "city_name": "开封市", "province_code": "41", "short_name": "豫", "link": "41/4102.html"},
{"city_code": "410300", "city_name": "洛阳市", "province_code": "41", "short_name": "豫", "link": "41/4103.html"},
{"city_code": "410400", "city_name": "平顶山市", "province_code": "41", "short_name": "豫", "link": "41/4104.html"},
{"city_code": "410500", "city_name": "安阳市", "province_code": "41", "short_name": "豫", "link": "41/4105.html"},
{"city_code": "410600", "city_name": "鹤壁市", "province_code": "41", "short_name": "豫", "link": "41/4106.html"},
{"city_code": "410700", "city_name": "新乡市", "province_code": "41", "short_name": "豫", "link": "41/4107.html"},
{"city_code": "410800", "city_name": "焦作市", "province_code": "41", "short_name": "豫", "link": "41/4108.html"},
{"city_code": "410900", "city_name": "濮阳市", "province_code": "41", "short_name": "豫", "link": "41/4109.html"},
{"city_code": "411000", "city_name": "许昌市", "province_code": "41", "short_name": "豫", "link": "41/4110.html"},
{"city_code": "411100", "city_name": "漯河市", "province_code": "41", "short_name": "豫", "link": "41/4111.html"},
{"city_code": "411200", "city_name": "三门峡市", "province_code": "41", "short_name": "豫", "link": "41/4112.html"},
{"city_code": "411300", "city_name": "南阳市", "province_code": "41", "short_name": "豫", "link": "41/4113.html"},
{"city_code": "411400", "city_name": "商丘市", "province_code": "41", "short_name": "豫", "link": "41/4114.html"},
{"city_code": "411500", "city_name": "信阳市", "province_code": "41", "short_name": "豫", "link": "41/4115.html"},
{"city_code": "411600", "city_name": "周口市", "province_code": "41", "short_name": "豫", "link": "41/4116.html"},
{"city_code": "411700", "city_name": "驻马店市", "province_code": "41", "short_name": "豫", "link": "41/4117.html"},
{"city_code": "419000", "city_name": "省直辖县级行政区划", "province_code": "41", "short_name": "豫", "link": "41/4190.html"},
{"city_code": "370100", "city_name": "济南市", "province_code": "37", "short_name": "鲁", "link": "37/3701.html"},
{"city_code": "370200", "city_name": "青岛市", "province_code": "37", "short_name": "鲁", "link": "37/3702.html"},
{"city_code": "370300", "city_name": "淄博市", "province_code": "37", "short_name": "鲁", "link": "37/3703.html"},
{"city_code": "370400", "city_name": "枣庄市", "province_code": "37", "short_name": "鲁", "link": "37/3704.html"},
{"city_code": "370500", "city_name": "东营市", "province_code": "37", "short_name": "鲁", "link": "37/3705.html"},
{"city_code": "370600", "city_name": "烟台市", "province_code": "37", "short_name": "鲁", "link": "37/3706.html"},
{"city_code": "370700", "city_name": "潍坊市", "province_code": "37", "short_name": "鲁", "link": "37/3707.html"},
{"city_code": "370800", "city_name": "济宁市", "province_code": "37", "short_name": "鲁", "link": "37/3708.html"},
{"city_code": "370900", "city_name": "泰安市", "province_code": "37", "short_name": "鲁", "link": "37/3709.html"},
{"city_code": "371000", "city_name": "威海市", "province_code": "37", "short_name": "鲁", "link": "37/3710.html"},
{"city_code": "371100", "city_name": "日照市", "province_code": "37", "short_name": "鲁", "link": "37/3711.html"},
{"city_code": "371300", "city_name": "临沂市", "province_code": "37", "short_name": "鲁", "link": "37/3713.html"},
{"city_code": "371400", "city_name": "德州市", "province_code": "37", "short_name": "鲁", "link": "37/3714.html"},
{"city_code": "371500", "city_name": "聊城市", "province_code": "37", "short_name": "鲁", "link": "37/3715.html"},
{"city_code": "371600", "city_name": "滨州市", "province_code": "37", "short_name": "鲁", "link": "37/3716.html"},
{"city_code": "371700", "city_name": "菏泽市", "province_code": "37", "short_name": "鲁", "link": "37/3717.html"},
{"city_code": "360100", "city_name": "南昌市", "province_code": "36", "short_name": "赣", "link": "36/3601.html"},
{"city_code": "360200", "city_name": "景德镇市", "province_code": "36", "short_name": "赣", "link": "36/3602.html"},
{"city_code": "360300", "city_name": "萍乡市", "province_code": "36", "short_name": "赣", "link": "36/3603.html"},
{"city_code": "360400", "city_name": "九江市", "province_code": "36", "short_name": "赣", "link": "36/3604.html"},
{"city_code": "360500", "city_name": "新余市", "province_code": "36", "short_name": "赣", "link": "36/3605.html"},
{"city_code": "360600", "city_name": "鹰潭市", "province_code": "36", "short_name": "赣", "link": "36/3606.html"},
{"city_code": "360700", "city_name": "赣州市", "province_code": "36", "short_name": "赣", "link": "36/3607.html"},
{"city_code": "360800", "city_name": "吉安市", "province_code": "36", "short_name": "赣", "link": "36/3608.html"},
{"city_code": "360900", "city_name": "宜春市", "province_code": "36", "short_name": "赣", "link": "36/3609.html"},
{"city_code": "361000", "city_name": "抚州市", "province_code": "36", "short_name": "赣", "link": "36/3610.html"},
{"city_code": "361100", "city_name": "上饶市", "province_code": "36", "short_name": "赣", "link": "36/3611.html"},
{"city_code": "350100", "city_name": "福州市", "province_code": "35", "short_name": "闽", "link": "35/3501.html"},
{"city_code": "350200", "city_name": "厦门市", "province_code": "35", "short_name": "闽", "link": "35/3502.html"},
{"city_code": "350300", "city_name": "莆田市", "province_code": "35", "short_name": "闽", "link": "35/3503.html"},
{"city_code": "350400", "city_name": "三明市", "province_code": "35", "short_name": "闽", "link": "35/3504.html"},
{"city_code": "350500", "city_name": "泉州市", "province_code": "35", "short_name": "闽", "link": "35/3505.html"},
{"city_code": "350600", "city_name": "漳州市", "province_code": "35", "short_name": "闽", "link": "35/3506.html"},
{"city_code": "350700", "city_name": "南平市", "province_code": "35", "short_name": "闽", "link": "35/3507.html"},
{"city_code": "350800", "city_name": "龙岩市", "province_code": "35", "short_name": "闽", "link": "35/3508.html"},
{"city_code": "350900", "city_name": "宁德市", "province_code": "35", "short_name": "闽", "link": "35/3509.html"},
{"city_code": "340100", "city_name": "合肥市", "province_code": "34", "short_name": "皖", "link": "34/3401.html"},
{"city_code": "340200", "city_name": "芜湖市", "province_code": "34", "short_name": "皖", "link": "34/3402.html"},
{"city_code": "340300", "city_name": "蚌埠市", "province_code": "34", "short_name": "皖", "link": "34/3403.html"},
{"city_code": "340400", "city_name": "淮南市", "province_code": "34", "short_name": "皖", "link": "34/3404.html"},
{"city_code": "340500", "city_name": "马鞍山市", "province_code": "34", "short_name": "皖", "link": "34/3405.html"},
{"city_code": "340600", "city_name": "淮北市", "province_code": "34", "short_name": "皖", "link": "34/3406.html"},
{"city_code": "340700", "city_name": "铜陵市", "province_code": "34", "short_name": "皖", "link": "34/3407.html"},
{"city_code": "340800", "city_name": "安庆市", "province_code": "34", "short_name": "皖", "link": "34/3408.html"},
{"city_code": "341000", "city_name": "黄山市", "province_code": "34", "short_name": "皖", "link": "34/3410.html"},
{"city_code": "341100", "city_name": "滁州市", "province_code": "34", "short_name": "皖", "link": "34/3411.html"},
{"city_code": "341200", "city_name": "阜阳市", "province_code": "34", "short_name": "皖", "link": "34/3412.html"},
{"city_code": "341300", "city_name": "宿州市", "province_code": "34", "short_name": "皖", "link": "34/3413.html"},
{"city_code": "341500", "city_name": "六安市", "province_code": "34", "short_name": "皖", "link": "34/3415.html"},
{"city_code": "341600", "city_name": "亳州市", "province_code": "34", "short_name": "皖", "link": "34/3416.html"},
{"city_code": "341700", "city_name": "池州市", "province_code": "34", "short_name": "皖", "link": "34/3417.html"},
{"city_code": "341800", "city_name": "宣城市", "province_code": "34", "short_name": "皖", "link": "34/3418.html"},
{"city_code": "330100", "city_name": "杭州市", "province_code": "33", "short_name": "浙", "link": "33/3301.html"},
{"city_code": "330200", "city_name": "宁波市", "province_code": "33", "short_name": "浙", "link": "33/3302.html"},
{"city_code": "330300", "city_name": "温州市", "province_code": "33", "short_name": "浙", "link": "33/3303.html"},
{"city_code": "330400", "city_name": "嘉兴市", "province_code": "33", "short_name": "浙", "link": "33/3304.html"},
{"city_code": "330500", "city_name": "湖州市", "province_code": "33", "short_name": "浙", "link": "33/3305.html"},
{"city_code": "330600", "city_name": "绍兴市", "province_code": "33", "short_name": "浙", "link": "33/3306.html"},
{"city_code": "330700", "city_name": "金华市", "province_code": "33", "short_name": "浙", "link": "33/3307.html"},
{"city_code": "330800", "city_name": "衢州市", "province_code": "33", "short_name": "浙", "link": "33/3308.html"},
{"city_code": "330900", "city_name": "舟山市", "province_code": "33", "short_name": "浙", "link": "33/3309.html"},
{"city_code": "331000", "city_name": "台州市", "province_code": "33", "short_name": "浙", "link": "33/3310.html"},
{"city_code": "331100", "city_name": "丽水市", "province_code": "33", "short_name": "浙", "link": "33/3311.html"},
{"city_code": "320100", "city_name": "南京市", "province_code": "32", "short_name": "苏", "link": "32/3201.html"},
{"city_code": "320200", "city_name": "无锡市", "province_code": "32", "short_name": "苏", "link": "32/3202.html"},
{"city_code": "320300", "city_name": "徐州市", "province_code": "32", "short_name": "苏", "link": "32/3203.html"},
{"city_code": "320400", "city_name": "常州市", "province_code": "32", "short_name": "苏", "link": "32/3204.html"},
{"city_code": "320500", "city_name": "苏州市", "province_code": "32", "short_name": "苏", "link": "32/3205.html"},
{"city_code": "320600", "city_name": "南通市", "province_code": "32", "short_name": "苏", "link": "32/3206.html"},
{"city_code": "320700", "city_name": "连云港市", "province_code": "32", "short_name": "苏", "link": "32/3207.html"},
{"city_code": "320800", "city_name": "淮安市", "province_code": "32", "short_name": "苏", "link": "32/3208.html"},
{"city_code": "320900", "city_name": "盐城市", "province_code": "32", "short_name": "苏", "link": "32/3209.html"},
{"city_code": "321000", "city_name": "扬州市", "province_code": "32", "short_name": "苏", "link": "32/3210.html"},
{"city_code": "321100", "city_name": "镇江市", "province_code": "32", "short_name": "苏", "link": "32/3211.html"},
{"city_code": "321200", "city_name": "泰州市", "province_code": "32", "short_name": "苏", "link": "32/3212.html"},
{"city_code": "321300", "city_name": "宿迁市", "province_code": "32", "short_name": "苏", "link": "32/3213.html"},
{"city_code": "310100", "city_name": "市辖区", "province_code": "31", "short_name": "沪", "link": "31/3101.html"},
{"city_code": "230100", "city_name": "哈尔滨市", "province_code": "23", "short_name": "黑", "link": "23/2301.html"},
{"city_code": "230200", "city_name": "齐齐哈尔市", "province_code": "23", "short_name": "黑", "link": "23/2302.html"},
{"city_code": "230300", "city_name": "鸡西市", "province_code": "23", "short_name": "黑", "link": "23/2303.html"},
{"city_code": "230400", "city_name": "鹤岗市", "province_code": "23", "short_name": "黑", "link": "23/2304.html"},
{"city_code": "230500", "city_name": "双鸭山市", "province_code": "23", "short_name": "黑", "link": "23/2305.html"},
{"city_code": "230600", "city_name": "大庆市", "province_code": "23", "short_name": "黑", "link": "23/2306.html"},
{"city_code": "230700", "city_name": "伊春市", "province_code": "23", "short_name": "黑", "link": "23/2307.html"},
{"city_code": "230800", "city_name": "佳木斯市", "province_code": "23", "short_name": "黑", "link": "23/2308.html"},
{"city_code": "230900", "city_name": "七台河市", "province_code": "23", "short_name": "黑", "link": "23/2309.html"},
{"city_code": "231000", "city_name": "牡丹江市", "province_code": "23", "short_name": "黑", "link": "23/2310.html"},
{"city_code": "231100", "city_name": "黑河市", "province_code": "23", "short_name": "黑", "link": "23/2311.html"},
{"city_code": "231200", "city_name": "绥化市", "province_code": "23", "short_name": "黑", "link": "23/2312.html"},
{"city_code": "232700", "city_name": "大兴安岭地区", "province_code": "23", "short_name": "黑", "link": "23/2327.html"},
{"city_code": "220100", "city_name": "长春市", "province_code": "22", "short_name": "吉", "link": "22/2201.html"},
{"city_code": "220200", "city_name": "吉林市", "province_code": "22", "short_name": "吉", "link": "22/2202.html"},
{"city_code": "220300", "city_name": "四平市", "province_code": "22", "short_name": "吉", "link": "22/2203.html"},
{"city_code": "220400", "city_name": "辽源市", "province_code": "22", "short_name": "吉", "link": "22/2204.html"},
{"city_code": "220500", "city_name": "通化市", "province_code": "22", "short_name": "吉", "link": "22/2205.html"},
{"city_code": "220600", "city_name": "白山市", "province_code": "22", "short_name": "吉", "link": "22/2206.html"},
{"city_code": "220700", "city_name": "松原市", "province_code": "22", "short_name": "吉", "link": "22/2207.html"},
{"city_code": "220800", "city_name": "白城市", "province_code": "22", "short_name": "吉", "link": "22/2208.html"},
{"city_code": "222400", "city_name": "延边朝鲜族自治州", "province_code": "22", "short_name": "吉", "link": "22/2224.html"},
{"city_code": "210100", "city_name": "沈阳市", "province_code": "21", "short_name": "辽", "link": "21/2101.html"},
{"city_code": "210200", "city_name": "大连市", "province_code": "21", "short_name": "辽", "link": "21/2102.html"},
{"city_code": "210300", "city_name": "鞍山市", "province_code": "21", "short_name": "辽", "link": "21/2103.html"},
{"city_code": "210400", "city_name": "抚顺市", "province_code": "21", "short_name": "辽", "link": "21/2104.html"},
{"city_code": "210500", "city_name": "本溪市", "province_code": "21", "short_name": "辽", "link": "21/2105.html"},
{"city_code": "210600", "city_name": "丹东市", "province_code": "21", "short_name": "辽", "link": "21/2106.html"},
{"city_code": "210700", "city_name": "锦州市", "province_code": "21", "short_name": "辽", "link": "21/2107.html"},
{"city_code": "210800", "city_name": "营口市", "province_code": "21", "short_name": "辽", "link": "21/2108.html"},
{"city_code": "210900", "city_name": "阜新市", "province_code": "21", "short_name": "辽", "link": "21/2109.html"},
{"city_code": "211000", "city_name": "辽阳市", "province_code": "21", "short_name": "辽", "link": "21/2110.html"},
{"city_code": "211100", "city_name": "盘锦市", "province_code": "21", "short_name": "辽", "link": "21/2111.html"},
{"city_code": "211200", "city_name": "铁岭市", "province_code": "21", "short_name": "辽", "link": "21/2112.html"},
{"city_code": "211300", "city_name": "朝阳市", "province_code": "21", "short_name": "辽", "link": "21/2113.html"},
{"city_code": "211400", "city_name": "葫芦岛市", "province_code": "21", "short_name": "辽", "link": "21/2114.html"},
{"city_code": "150100", "city_name": "呼和浩特市", "province_code": "15", "short_name": "蒙", "link": "15/1501.html"},
{"city_code": "150200", "city_name": "包头市", "province_code": "15", "short_name": "蒙", "link": "15/1502.html"},
{"city_code": "150300", "city_name": "乌海市", "province_code": "15", "short_name": "蒙", "link": "15/1503.html"},
{"city_code": "150400", "city_name": "赤峰市", "province_code": "15", "short_name": "蒙", "link": "15/1504.html"},
{"city_code": "150500", "city_name": "通辽市", "province_code": "15", "short_name": "蒙", "link": "15/1505.html"},
{"city_code": "150600", "city_name": "鄂尔多斯市", "province_code": "15", "short_name": "蒙", "link": "15/1506.html"},
{"city_code": "150700", "city_name": "呼伦贝尔市", "province_code": "15", "short_name": "蒙", "link": "15/1507.html"},
{"city_code": "150800", "city_name": "巴彦淖尔市", "province_code": "15", "short_name": "蒙", "link": "15/1508.html"},
{"city_code": "150900", "city_name": "乌兰察布市", "province_code": "15", "short_name": "蒙", "link": "15/1509.html"},
{"city_code": "152200", "city_name": "兴安盟", "province_code": "15", "short_name": "蒙", "link": "15/1522.html"},
{"city_code": "152500", "city_name": "锡林郭勒盟", "province_code": "15", "short_name": "蒙", "link": "15/1525.html"},
{"city_code": "152900", "city_name": "阿拉善盟", "province_code": "15", "short_name": "蒙", "link": "15/1529.html"},
{"city_code": "140100", "city_name": "太原市", "province_code": "14", "short_name": "晋", "link": "14/1401.html"},
{"city_code": "140200", "city_name": "大同市", "province_code": "14", "short_name": "晋", "link": "14/1402.html"},
{"city_code": "140300", "city_name": "阳泉市", "province_code": "14", "short_name": "晋", "link": "14/1403.html"},
{"city_code": "140400", "city_name": "长治市", "province_code": "14", "short_name": "晋", "link": "14/1404.html"},
{"city_code": "140500", "city_name": "晋城市", "province_code": "14", "short_name": "晋", "link": "14/1405.html"},
{"city_code": "140600", "city_name": "朔州市", "province_code": "14", "short_name": "晋", "link": "14/1406.html"},
{"city_code": "140700", "city_name": "晋中市", "province_code": "14", "short_name": "晋", "link": "14/1407.html"},
{"city_code": "140800", "city_name": "运城市", "province_code": "14", "short_name": "晋", "link": "14/1408.html"},
{"city_code": "140900", "city_name": "忻州市", "province_code": "14", "short_name": "晋", "link": "14/1409.html"},
{"city_code": "141000", "city_name": "临汾市", "province_code": "14", "short_name": "晋", "link": "14/1410.html"},
{"city_code": "141100", "city_name": "吕梁市", "province_code": "14", "short_name": "晋", "link": "14/1411.html"},
{"city_code": "130100", "city_name": "石家庄市", "province_code": "13", "short_name": "冀", "link": "13/1301.html"},
{"city_code": "130200", "city_name": "唐山市", "province_code": "13", "short_name": "冀", "link": "13/1302.html"},
{"city_code": "130300", "city_name": "秦皇岛市", "province_code": "13", "short_name": "冀", "link": "13/1303.html"},
{"city_code": "130400", "city_name": "邯郸市", "province_code": "13", "short_name": "冀", "link": "13/1304.html"},
{"city_code": "130500", "city_name": "邢台市", "province_code": "13", "short_name": "冀", "link": "13/1305.html"},
{"city_code": "130600", "city_name": "保定市", "province_code": "13", "short_name": "冀", "link": "13/1306.html"},
{"city_code": "130700", "city_name": "张家口市", "province_code": "13", "short_name": "冀", "link": "13/1307.html"},
{"city_code": "130800", "city_name": "承德市", "province_code": "13", "short_name": "冀", "link": "13/1308.html"},
{"city_code": "130900", "city_name": "沧州市", "province_code": "13", "short_name": "冀", "link": "13/1309.html"},
{"city_code": "131000", "city_name": "廊坊市", "province_code": "13", "short_name": "冀", "link": "13/1310.html"},
{"city_code": "131100", "city_name": "衡水市", "province_code": "13", "short_name": "冀", "link": "13/1311.html"},
{"city_code": "133100", "city_name": "雄安新区", "province_code": "13", "short_name": "冀", "link": null},
{"city_code": "120100", "city_name": "市辖区", "province_code": "12", "short_name": "津", "link": "12/1201.html"},
{"city_code": "110100", "city_name": "市辖区", "province_code": "11", "short_name": "京", "link": "11/1101.html"},
{"city_code": "650100", "city_name": "乌鲁木齐市", "province_code": "65", "short_name": "新", "link": "65/6501.html"},
{"city_code": "650200", "city_name": "克拉玛依市", "province_code": "65", "short_name": "新", "link": "65/6502.html"},
{"city_code": "650400", "city_name": "吐鲁番市", "province_code": "65", "short_name": "新", "link": "65/6504.html"},
{"city_code": "650500", "city_name": "哈密市", "province_code": "65", "short_name": "新", "link": "65/6505.html"},
{"city_code": "652300", "city_name": "昌吉回族自治州", "province_code": "65", "short_name": "新", "link": "65/6523.html"},
{"city_code": "652700", "city_name": "博尔塔拉蒙古自治州", "province_code": "65", "short_name": "新", "link": "65/6527.html"},
{"city_code": "652800", "city_name": "巴音郭楞蒙古自治州", "province_code": "65", "short_name": "新", "link": "65/6528.html"},
{"city_code": "652900", "city_name": "阿克苏地区", "province_code": "65", "short_name": "新", "link": "65/6529.html"},
{"city_code": "653000", "city_name": "克孜勒苏柯尔克孜自治州", "province_code": "65", "short_name": "新", "link": "65/6530.html"},
{"city_code": "653100", "city_name": "喀什地区", "province_code": "65", "short_name": "新", "link": "65/6531.html"},
{"city_code": "653200", "city_name": "和田地区", "province_code": "65", "short_name": "新", "link": "65/6532.html"},
{"city_code": "654000", "city_name": "伊犁哈萨克自治州", "province_code": "65", "short_name": "新", "link": "65/6540.html"},
{"city_code": "654200", "city_name": "塔城地区", "province_code": "65", "short_name": "新", "link": "65/6542.html"},
{"city_code": "654300", "city_name": "阿勒泰地区", "province_code": "65", "short_name": "新", "link": "65/6543.html"},
{"city_code": "659000", "city_name": "自治区直辖县级行政区划", "province_code": "65", "short_name": "新", "link": "65/6590.html"},
{"city_code": "640100", "city_name": "银川市", "province_code": "64", "short_name": "宁", "link": "64/6401.html"},
{"city_code": "640200", "city_name": "石嘴山市", "province_code": "64", "short_name": "宁", "link": "64/6402.html"},
{"city_code": "640300", "city_name": "吴忠市", "province_code": "64", "short_name": "宁", "link": "64/6403.html"},
{"city_code": "640400", "city_name": "固原市", "province_code": "64", "short_name": "宁", "link": "64/6404.html"},
{"city_code": "640500", "city_name": "中卫市", "province_code": "64", "short_name": "宁", "link": "64/6405.html"},
{"city_code": "630100", "city_name": "西宁市", "province_code": "63", "short_name": "青", "link": "63/6301.html"},
{"city_code": "630200", "city_name": "海东市", "province_code": "63", "short_name": "青", "link": "63/6302.html"},
{"city_code": "632200", "city_name": "海北藏族自治州", "province_code": "63", "short_name": "青", "link": "63/6322.html"},
{"city_code": "632300", "city_name": "黄南藏族自治州", "province_code": "63", "short_name": "青", "link": "63/6323.html"},
{"city_code": "632500", "city_name": "海南藏族自治州", "province_code": "63", "short_name": "青", "link": "63/6325.html"},
{"city_code": "632600", "city_name": "果洛藏族自治州", "province_code": "63", "short_name": "青", "link": "63/6326.html"},
{"city_code": "632700", "city_name": "玉树藏族自治州", "province_code": "63", "short_name": "青", "link": "63/6327.html"},
{"city_code": "632800", "city_name": "海西蒙古族藏族自治州", "province_code": "63", "short_name": "青", "link": "63/6328.html"},
{"city_code": "620100", "city_name": "兰州市", "province_code": "62", "short_name": "甘", "link": "62/6201.html"},
{"city_code": "620200", "city_name": "嘉峪关市", "province_code": "62", "short_name": "甘", "link": "62/6202.html"},
{"city_code": "620300", "city_name": "金昌市", "province_code": "62", "short_name": "甘", "link": "62/6203.html"},
{"city_code": "620400", "city_name": "白银市", "province_code": "62", "short_name": "甘", "link": "62/6204.html"},
{"city_code": "620500", "city_name": "天水市", "province_code": "62", "short_name": "甘", "link": "62/6205.html"},
{"city_code": "620600", "city_name": "武威市", "province_code": "62", "short_name": "甘", "link": "62/6206.html"},
{"city_code": "620700", "city_name": "张掖市", "province_code": "62", "short_name": "甘", "link": "62/6207.html"},
{"city_code": "620800", "city_name": "平凉市", "province_code": "62", "short_name": "甘", "link": "62/6208.html"},
{"city_code": "620900", "city_name": "酒泉市", "province_code": "62", "short_name": "甘", "link": "62/6209.html"},
{"city_code": "621000", "city_name": "庆阳市", "province_code": "62", "short_name": "甘", "link": "62/6210.html"},
{"city_code": "621100", "city_name": "定西市", "province_code": "62", "short_name": "甘", "link": "62/6211.html"},
{"city_code": "621200", "city_name": "陇南市", "province_code": "62", "short_name": "甘", "link": "62/6212.html"},
{"city_code": "622900", "city_name": "临夏回族自治州", "province_code": "62", "short_name": "甘", "link": "62/6229.html"},
{"city_code": "623000", "city_name": "甘南藏族自治州", "province_code": "62", "short_name": "甘", "link": "62/6230.html"},
{"city_code": "610100", "city_name": "西安市", "province_code": "61", "short_name": "陕", "link": "61/6101.html"},
{"city_code": "610200", "city_name": "铜川市", "province_code": "61", "short_name": "陕", "link": "61/6102.html"},
{"city_code": "610300", "city_name": "宝鸡市", "province_code": "61", "short_name": "陕", "link": "61/6103.html"},
{"city_code": "610400", "city_name": "咸阳市", "province_code": "61", "short_name": "陕", "link": "61/6104.html"},
{"city_code": "610500", "city_name": "渭南市", "province_code": "61", "short_name": "陕", "link": "61/6105.html"},
{"city_code": "610600", "city_name": "延安市", "province_code": "61", "short_name": "陕", "link": "61/6106.html"},
{"city_code": "610700", "city_name": "汉中市", "province_code": "61", "short_name": "陕", "link": "61/6107.html"},
{"city_code": "610800", "city_name": "榆林市", "province_code": "61", "short_name": "陕", "link": "61/6108.html"},
{"city_code": "610900", "city_name": "安康市", "province_code": "61", "short_name": "陕", "link": "61/6109.html"},
{"city_code": "611000", "city_name": "商洛市", "province_code": "61", "short_name": "陕", "link": "61/6110.html"},
{"city_code": "540100", "city_name": "拉萨市", "province_code": "54", "short_name": "藏", "link": "54/5401.html"},
{"city_code": "540200", "city_name": "日喀则市", "province_code": "54", "short_name": "藏", "link": "54/5402.html"},
{"city_code": "540300", "city_name": "昌都市", "province_code": "54", "short_name": "藏", "link": "54/5403.html"},
{"city_code": "540400", "city_name": "林芝市", "province_code": "54", "short_name": "藏", "link": "54/5404.html"},
{"city_code": "540500", "city_name": "山南市", "province_code": "54", "short_name": "藏", "link": "54/5405.html"},
{"city_code": "540600", "city_name": "那曲市", "province_code": "54", "short_name": "藏", "link": "54/5406.html"},
{"city_code": "542500", "city_name": "阿里地区", "province_code": "54", "short_name": "藏", "link": "54/5425.html"},
{"city_code": "530100", "city_name": "昆明市", "province_code": "53", "short_name": "云", "link": "53/5301.html"},
{"city_code": "530300", "city_name": "曲靖市", "province_code": "53", "short_name": "云", "link": "53/5303.html"},
{"city_code": "530400", "city_name": "玉溪市", "province_code": "53", "short_name": "云", "link": "53/5304.html"},
{"city_code": "530500", "city_name": "保山市", "province_code": "53", "short_name": "云", "link": "53/5305.html"},
{"city_code": "530600", "city_name": "昭通市", "province_code": "53", "short_name": "云", "link": "53/5306.html"},
{"city_code": "530700", "city_name": "丽江市", "province_code": "53", "short_name": "云", "link": "53/5307.html"},
{"city_code": "530800", "city_name": "普洱市", "province_code": "53", "short_name": "云", "link": "53/5308.html"},
{"city_code": "530900", "city_name": "临沧市", "province_code": "53", "short_name": "云", "link": "53/5309.html"},
{"city_code": "532300", "city_name": "楚雄彝族自治州", "province_code": "53", "short_name": "云", "link": "53/5323.html"},
{"city_code": "532500", "city_name": "红河哈尼族彝族自治州", "province_code": "53", "short_name": "云", "link": "53/5325.html"},
{"city_code": "532600", "city_name": "文山壮族苗族自治州", "province_code": "53", "short_name": "云", "link": "53/5326.html"},
{"city_code": "532800", "city_name": "西双版纳傣族自治州", "province_code": "53", "short_name": "云", "link": "53/5328.html"},
{"city_code": "532900", "city_name": "大理白族自治州", "province_code": "53", "short_name": "云", "link": "53/5329.html"},
{"city_code": "533100", "city_name": "德宏傣族景颇族自治州", "province_code": "53", "short_name": "云", "link": "53/5331.html"},
{"city_code": "533300", "city_name": "怒江傈僳族自治州", "province_code": "53", "short_name": "云", "link": "53/5333.html"},
{"city_code": "533400", "city_name": "迪庆藏族自治州", "province_code": "53", "short_name": "云", "link": "53/5334.html"},
{"city_code": "520100", "city_name": "贵阳市", "province_code": "52", "short_name": "贵", "link": "52/5201.html"},
{"city_code": "520200", "city_name": "六盘水市", "province_code": "52", "short_name": "贵", "link": "52/5202.html"},
{"city_code": "520300", "city_name": "遵义市", "province_code": "52", "short_name": "贵", "link": "52/5203.html"},
{"city_code": "520400", "city_name": "安顺市", "province_code": "52", "short_name": "贵", "link": "52/5204.html"},
{"city_code": "520500", "city_name": "毕节市", "province_code": "52", "short_name": "贵", "link": "52/5205.html"},
{"city_code": "520600", "city_name": "铜仁市", "province_code": "52", "short_name": "贵", "link": "52/5206.html"},
{"city_code": "522300", "city_name": "黔西南布依族苗族自治州", "province_code": "52", "short_name": "贵", "link": "52/5223.html"},
{"city_code": "522600", "city_name": "黔东南苗族侗族自治州", "province_code": "52", "short_name": "贵", "link": "52/5226.html"},
{"city_code": "522700", "city_name": "黔南布依族苗族自治州", "province_code": "52", "short_name": "贵", "link": "52/5227.html"},
{"city_code": "510100", "city_name": "成都市", "province_code": "51", "short_name": "川", "link": "51/5101.html"},
{"city_code": "510300", "city_name": "自贡市", "province_code": "51", "short_name": "川", "link": "51/5103.html"},
{"city_code": "510400", "city_name": "攀枝花市", "province_code": "51", "short_name": "川", "link": "51/5104.html"},
{"city_code": "510500", "city_name": "泸州市", "province_code": "51", "short_name": "川", "link": "51/5105.html"},
{"city_code": "510600", "city_name": "德阳市", "province_code": "51", "short_name": "川", "link": "51/5106.html"},
{"city_code": "510700", "city_name": "绵阳市", "province_code": "51", "short_name": "川", "link": "51/5107.html"},
{"city_code": "510800", "city_name": "广元市", "province_code": "51", "short_name": "川", "link": "51/5108.html"},
{"city_code": "510900", "city_name": "遂宁市", "province_code": "51", "short_name": "川", "link": "51/5109.html"},
{"city_code": "511000", "city_name": "内江市", "province_code": "51", "short_name": "川", "link": "51/5110.html"},
{"city_code": "511100", "city_name": "乐山市", "province_code": "51", "short_name": "川", "link": "51/5111.html"},
{"city_code": "511300", "city_name": "南充市", "province_code": "51", "short_name": "川", "link": "51/5113.html"},
{"city_code": "511400", "city_name": "眉山市", "province_code": "51", "short_name": "川", "link": "51/5114.html"},
{"city_code": "511500", "city_name": "宜宾市", "province_code": "51", "short_name": "川", "link": "51/5115.html"},
{"city_code": "511600", "city_name": "广安市", "province_code": "51", "short_name": "川", "link": "51/5116.html"},
{"city_code": "511700", "city_name": "达州市", "province_code": "51", "short_name": "川", "link": "51/5117.html"},
{"city_code": "511800", "city_name": "雅安市", "province_code": "51", "short_name": "川", "link": "51/5118.html"},
{"city_code": "511900", "city_name": "巴中市", "province_code": "51", "short_name": "川", "link": "51/5119.html"},
{"city_code": "512000", "city_name": "资阳市", "province_code": "51", "short_name": "川", "link": "51/5120.html"},
{"city_code": "513200", "city_name": "阿坝藏族羌族自治州", "province_code": "51", "short_name": "川", "link": "51/5132.html"},
{"city_code": "513300", "city_name": "甘孜藏族自治州", "province_code": "51", "short_name": "川", "link": "51/5133.html"},
{"city_code": "513400", "city_name": "凉山彝族自治州", "province_code": "51", "short_name": "川", "link": "51/5134.html"},
{"city_code": "500100", "city_name": "市辖区", "province_code": "50", "short_name": "渝", "link": "50/5001.html"},
{"city_code": "500200", "city_name": "县", "province_code": "50", "short_name": "渝", "link": "50/5002.html"}
]