[
{"province_code": "11", "province_name": "北京市", "short_name": "京", "link": "11.html"},
{"province_code": "12", "province_name": "天津市", "short_name": "津", "link": "12.html"},
{"province_code": "13", "province_name": "河北省", "short_name": "冀", "link": "13.html"},
{"province_code": "14", "province_name": "山西省", "short_name": "晋", "link": "14.html"},
{"province_code": "15", "province_name": "内蒙古自治区", "short_name": "蒙", "link": "15.html"},
{"province_code": "21", "province_name": "辽宁省", "short_name": "辽", "link": "21.html"},
{"province_code": "22", "province_name": "吉林省", "short_name": "吉", "link": "22.html"},
{"province_code": "23", "province_name": "黑龙江省", "short_name": "黑", "link": "23.html"},
{"province_code": "31", "province_name": "上海市", "short_name": "沪", "link": "31.html"},
{"province_code": "32", "province_name": "江苏省", "short_name": "苏", "link": "32.html"},
{"province_code": "33", "province_name": "浙江省", "short_name": "浙", "link": "33.html"},
{"province_code": "34", "province_name": "安徽省", "short_name": "皖", "link": "34.html"},
{"province_code": "35", "province_name": "福建省", "short_name": "闽", "link": "35.html"},
{"province_code": "36", "province_name": "江西省", "short_name": "赣", "link": "36.html"},
{"province_code": "37", "province_name": "山东省", "short_name": "鲁", "link": "37.html"},
{"province_code": "41", "province_name": "河南省", "short_name": "豫", "link": "41.html"},
{"province_code": "42", "province_name": "湖北省", "short_name": "鄂", "link": "42.html"},
{"province_code": "43", "province_name": "湖南省", "short_name": "湘", "link": "43.html"},
{"province_code": "44", "province_name": "广东省", "short_name": "粤", "link": "44.html"},
{"province_code": "45", "province_name": "广西壮族自治区", "short_name": "桂", "link": "45.html"},
{"province_code": "46", "province_name": "海南省", "short_name": "琼", "link": "46.html"},
{"province_code": "50", "province_name": "重庆市", "short_name": "渝", "link": "50.html"},
{"province_code": "51", "province_name": "四川省", "short_name": "川", "link": "51.html"},
{"province_code": "52", "province_name": "贵州省", "short_name": "贵", "link": "52.html"},
{"province_code": "53", "province_name": "云南省", "short_name": "云", "link": "53.html"},
{"province_code": "54", "province_name": "西藏自治区", "short_name": "藏", "link": "54.html"},
{"province_code": "61", "province_name": "陕西省", "short_name": "陕", "link": "61.html"},
{"province_code": "62", "province_name": "甘肃省", "short_name": "甘", "link": "62.html"},
{"province_code": "63", "province_name": "青海省", "short_name": "青", "link": "63.html"},
{"province_code": "64", "province_name": "宁夏回族自治区", "short_name": "宁", "link": "64.html"},
{"province_code": "65", "province_name": "新疆维吾尔自治区", "short_name": "新", "link": "65.html"}
]